<squadra nome="Juminter" serie="C1">
    <presidente>Mario Rossi</presidente>
    <allenatore>Giuseppe Bianchi</allenatore>
    <giocatori>
        <giocatore nome="Leonardo da Vinci" titolare="true">
            <ruolo>Terzino</ruolo>
        </giocatore>
        <giocatore nome="Cristoforo Colombo" titolare="false">
            <ruolo>Attaccante</ruolo>
            <ruolo>Mezzala</ruolo>
        </giocatore>
        <giocatore nome="Giulio Cesare" titolare="true">
            <ruolo>Difensore</ruolo>
        </giocatore>
    </giocatori>
</squadra>
