<libreria>
    <libro codice="INF01US">
        <titolo>Designing the User Interface</titolo>
        <edizione>Quarta</edizione>
        <autori>
            <autore>Ben Shneiderman</autore>
            <autore>Catherine Plaisant</autore>
        </autori>
        <casa_editrice>Addison-Wesley</casa_editrice>
        <anno_pubblicazione>2003</anno_pubblicazione>
        <prezzo>76</prezzo>
        <sconto percentuale="7">
            <periodo dal="2004-03-01" al="2004-06-01"/>
        </sconto>
        <disponibilita>10</disponibilita>
    </libro>
</libreria>
