<programmazione data="2003-11-28">
    <programma ora_inizio="08:00" ora_fine="08:30" titolo="Telegiornale" genere="Informazione"/>
    <programma ora_inizio="08:30" ora_fine="12:30" titolo="Buongiorno!" genere="Intrattenimento">
        <programma ora_inizio="10:00" ora_fine="10:15" titolo="Gli astri" genere="Astrologia"/>
    </programma>
    <programma ora_inizio="12:30" ora_fine="13:30" titolo="Telegiornale" genere="Informazione"/>
    <programma ora_inizio="13:30" ora_fine="15:30" titolo="Biancaneve e i sette nani" genere="Film" pubblico="T"/>
    <programma ora_inizio="15:30" ora_fine="19:30" titolo="Pomeriggio insieme" genere="Intrattenimento">
        <programma ora_inizio="17:00" ora_fine="17:30" titolo="Telegiornale" genere="Informazione"/>
    </programma>
    <programma ora_inizio="19:30" ora_fine="20:30" titolo="Telegiornale" genere="Informazione"/>
    <programma ora_inizio="20:30" ora_fine="23:00" titolo="Il conte Dracula" genere="Film" pubblico="A"/>
    <programma ora_inizio="23:00" ora_fine="23:30" titolo="Telegiornale" genere="Informazione"/>
</programmazione>
