{
    "libreria": {
        "libro": {
            "codice": "INF01US",
            "titolo": "Designing the User Interface",
            "edizione": "Quarta",
            "autori": [
                "Ben Shneiderman",
                "Catherine Plaisant"
            ],
            "casa_editrice": "Addison-Wesley",
            "anno_pubblicazione": 2003,
            "prezzo": 76,
            "sconto": {
                "percentuale": 7,
                "periodo": {
                    "dal": "2004-03-01",
                    "al": "2004-06-01"
                }
            },
            "disponibilita": 10
        }
    }
}