data,ora_inizio,ora_fine,titolo,genere,pubblico
2003-11-28,08:00,08:30,Telegiornale,Informazione,
2003-11-28,08:30,12:30,Buongiorno!,Intrattenimento,
2003-11-28,10:00,10:15,Gli astri,Astrologia,
2003-11-28,12:30,13:30,Telegiornale,Informazione,
2003-11-28,13:30,15:30,Biancaneve e i sette nani,Film,T
2003-11-28,15:30,19:30,Pomeriggio insieme,Intrattenimento,
2003-11-28,17:00,17:30,Telegiornale,Informazione,
2003-11-28,19:30,20:30,Telegiornale,Informazione,
2003-11-28,20:30,23:00,Il conte Dracula,Film,A
2003-11-28,23:00,23:30,Telegiornale,Informazione,
