{
    "squadra": {
        "nome": "Juminter",
        "serie": "C1",
        "presidente": "Mario Rossi",
        "allenatore": "Giuseppe Bianchi",
        "giocatori": [
            {
                "nome": "Leonardo da Vinci",
                "titolare": true,
                "ruolo": [
                    "Terzino"
                ]
            },
            {
                "nome": "Cristoforo Colombo",
                "titolare": false,
                "ruolo": [
                    "Attaccante",
                    "Mezzala"
                ]
            },
            {
                "nome": "Giulio Cesare",
                "titolare": true,
                "ruolo": [
                    "Difensore"
                ]
            }
        ]
    }
}